rank,condition_id,noise_amplitude,quench_duration,expected_seeds,initial_seed_count,2d_done,2d_failed,2d_passes,2d_pass_rate,2d_mean_level,local_3d_created,local_3d_done,local_3d_failed,local_3d_passes,local_3d_pass_rate_expected,local_3d_mean_level,local_3d_min_level,local_3d_mean_defects,condition_complete
1,h001-v160,0.0033598183,2.0,5,5,5,0,5,1.0,2.0,5,5,0,5,1.0,1.2,1,3.4,True
2,h001-v181,0.006951928,2.75,5,5,5,0,5,1.0,2.0,5,5,0,5,1.0,1.2,1,3.0,True
3,h001-v090,0.0002636651,2.0,5,5,5,0,5,1.0,2.0,5,5,0,5,1.0,1.2,1,2.8,True
4,h001-v100,0.000379269,2.0,5,5,5,0,5,1.0,2.0,5,5,0,5,1.0,1.2,1,2.8,True
5,h001-v110,0.0005455595,2.0,5,5,5,0,5,1.0,2.0,5,5,0,5,1.0,1.2,1,2.8,True
6,h001-v130,0.0011288379,2.0,5,5,5,0,5,1.0,2.0,5,5,0,5,1.0,1.2,1,2.8,True
7,h001-v140,0.0016237767,2.0,5,5,5,0,5,1.0,2.0,5,5,0,5,1.0,1.2,1,2.8,True
8,h001-v150,0.0023357215,2.0,5,5,5,0,5,1.0,2.0,5,5,0,5,1.0,1.2,1,2.8,True
9,h001-v111,0.0005455595,2.75,5,5,5,0,5,1.0,2.0,5,5,0,5,1.0,1.2,1,2.8,True
10,h001-v121,0.00078476,2.75,5,5,5,0,5,1.0,2.0,5,5,0,5,1.0,1.2,1,2.8,True
11,h001-v131,0.0011288379,2.75,5,5,5,0,5,1.0,2.0,5,5,0,5,1.0,1.2,1,2.8,True
12,h001-v161,0.0033598183,2.75,5,5,5,0,5,1.0,2.0,5,5,0,5,1.0,1.2,1,2.8,True
13,h001-v171,0.0048329302,2.75,5,5,5,0,5,1.0,2.0,5,5,0,5,1.0,1.2,1,2.8,True
14,h001-v132,0.0011288379,3.25,5,5,5,0,5,1.0,2.0,5,5,0,5,1.0,1.2,1,2.8,True
15,h001-v142,0.0016237767,3.25,5,5,5,0,5,1.0,2.0,5,5,0,5,1.0,1.2,1,2.8,True
16,h001-v152,0.0023357215,3.25,5,5,5,0,5,1.0,2.0,5,5,0,5,1.0,1.2,1,2.8,True
17,h001-v172,0.0048329302,3.25,5,5,5,0,5,1.0,2.0,5,5,0,5,1.0,1.2,1,2.8,True
18,h001-v182,0.006951928,3.25,5,5,5,0,5,1.0,2.0,5,5,0,5,1.0,1.2,1,2.8,True
19,h001-v192,0.01,3.25,5,5,5,0,5,1.0,2.0,5,5,0,5,1.0,1.2,1,2.8,True
20,h001-v143,0.0016237767,3.75,5,5,5,0,5,1.0,2.0,5,5,0,5,1.0,1.2,1,2.8,True
21,h001-v153,0.0023357215,3.75,5,5,5,0,5,1.0,2.0,5,5,0,5,1.0,1.2,1,2.8,True
22,h001-v163,0.0033598183,3.75,5,5,5,0,5,1.0,2.0,5,5,0,5,1.0,1.2,1,2.8,True
23,h001-v173,0.0048329302,3.75,5,5,5,0,5,1.0,2.0,5,5,0,5,1.0,1.2,1,2.8,True
24,h001-v193,0.01,3.75,5,5,5,0,5,1.0,2.0,5,5,0,5,1.0,1.2,1,2.8,True
25,h001-v154,0.0023357215,4.0,5,5,5,0,5,1.0,2.0,5,5,0,5,1.0,1.2,1,2.8,True
26,h001-v164,0.0033598183,4.0,5,5,5,0,5,1.0,2.0,5,5,0,5,1.0,1.2,1,2.8,True
27,h001-v174,0.0048329302,4.0,5,5,5,0,5,1.0,2.0,5,5,0,5,1.0,1.2,1,2.8,True
28,h001-v165,0.0033598183,4.25,5,5,5,0,5,1.0,2.0,5,5,0,5,1.0,1.2,1,2.8,True
29,h001-v175,0.0048329302,4.25,5,5,5,0,5,1.0,2.0,5,5,0,5,1.0,1.2,1,2.8,True
30,h001-v185,0.006951928,4.25,5,5,5,0,5,1.0,2.0,5,5,0,5,1.0,1.2,1,2.8,True
31,h001-v186,0.006951928,4.75,5,5,5,0,5,1.0,2.0,5,5,0,5,1.0,1.2,1,2.8,True
32,h001-v196,0.01,4.75,5,5,5,0,5,1.0,2.0,5,5,0,5,1.0,1.2,1,2.8,True
33,h001-v197,0.01,5.5,5,5,5,0,5,1.0,2.0,5,5,0,5,1.0,1.2,1,2.8,True
34,h001-v120,0.00078476,2.0,5,5,5,0,5,1.0,2.0,5,5,0,5,1.0,1.2,1,2.6,True
35,h001-v141,0.0016237767,2.75,5,5,5,0,5,1.0,2.0,5,5,0,5,1.0,1.2,1,2.6,True
36,h001-v151,0.0023357215,2.75,5,5,5,0,5,1.0,2.0,5,5,0,5,1.0,1.2,1,2.6,True
37,h001-v162,0.0033598183,3.25,5,5,5,0,5,1.0,2.0,5,5,0,5,1.0,1.2,1,2.6,True
38,h001-v183,0.006951928,3.75,5,5,5,0,5,1.0,2.0,5,5,0,5,1.0,1.2,1,2.6,True
39,h001-v184,0.006951928,4.0,5,5,5,0,5,1.0,2.0,5,5,0,5,1.0,1.2,1,2.6,True
40,h001-v194,0.01,4.0,5,5,5,0,5,1.0,2.0,5,5,0,5,1.0,1.2,1,2.6,True
41,h001-v195,0.01,4.25,5,5,5,0,5,1.0,2.0,5,5,0,5,1.0,1.2,1,2.6,True
42,h001-v176,0.0048329302,4.75,5,5,5,0,5,1.0,2.0,5,5,0,5,1.0,1.2,1,2.6,True
43,h001-v170,0.0048329302,2.0,5,5,5,0,5,1.0,2.0,5,5,0,5,1.0,1.2,1,2.2,True
44,h001-v191,0.01,2.75,5,5,5,0,5,1.0,2.0,5,5,0,5,1.0,1.2,1,2.2,True
45,h001-v180,0.006951928,2.0,5,5,5,0,5,1.0,2.0,5,5,0,5,1.0,1.2,1,1.6,True
46,h001-v190,0.01,2.0,5,5,5,0,5,1.0,2.0,5,5,0,5,1.0,1.2,1,1.4,True
47,h001-v060,8.85867e-05,2.0,5,5,5,0,5,1.0,2.0,5,5,0,5,1.0,1.0,1,2.8,True
48,h001-v070,0.0001274275,2.0,5,5,5,0,5,1.0,2.0,5,5,0,5,1.0,1.0,1,2.8,True
49,h001-v080,0.0001832981,2.0,5,5,5,0,5,1.0,2.0,5,5,0,5,1.0,1.0,1,2.8,True
50,h001-v081,0.0001832981,2.75,5,5,5,0,5,1.0,2.0,5,5,0,5,1.0,1.0,1,2.8,True
51,h001-v091,0.0002636651,2.75,5,5,5,0,5,1.0,2.0,5,5,0,5,1.0,1.0,1,2.8,True
52,h001-v101,0.000379269,2.75,5,5,5,0,5,1.0,2.0,5,5,0,5,1.0,1.0,1,2.8,True
53,h001-v102,0.000379269,3.25,5,5,5,0,5,1.0,2.0,5,5,0,5,1.0,1.0,1,2.8,True
54,h001-v112,0.0005455595,3.25,5,5,5,0,5,1.0,2.0,5,5,0,5,1.0,1.0,1,2.8,True
55,h001-v113,0.0005455595,3.75,5,5,5,0,5,1.0,2.0,5,5,0,5,1.0,1.0,1,2.8,True
56,h001-v123,0.00078476,3.75,5,5,5,0,5,1.0,2.0,5,5,0,5,1.0,1.0,1,2.8,True
57,h001-v133,0.0011288379,3.75,5,5,5,0,5,1.0,2.0,5,5,0,5,1.0,1.0,1,2.8,True
58,h001-v124,0.00078476,4.0,5,5,5,0,5,1.0,2.0,5,5,0,5,1.0,1.0,1,2.8,True
59,h001-v134,0.0011288379,4.0,5,5,5,0,5,1.0,2.0,5,5,0,5,1.0,1.0,1,2.8,True
60,h001-v144,0.0016237767,4.0,5,5,5,0,5,1.0,2.0,5,5,0,5,1.0,1.0,1,2.8,True
61,h001-v135,0.0011288379,4.25,5,5,5,0,5,1.0,2.0,5,5,0,5,1.0,1.0,1,2.8,True
62,h001-v145,0.0016237767,4.25,5,5,5,0,5,1.0,2.0,5,5,0,5,1.0,1.0,1,2.8,True
63,h001-v156,0.0023357215,4.75,5,5,5,0,5,1.0,2.0,5,5,0,5,1.0,1.0,1,2.8,True
64,h001-v166,0.0033598183,4.75,5,5,5,0,5,1.0,2.0,5,5,0,5,1.0,1.0,1,2.8,True
65,h001-v177,0.0048329302,5.5,5,5,5,0,5,1.0,2.0,5,5,0,5,1.0,1.0,1,2.8,True
66,h001-v187,0.006951928,5.5,5,5,5,0,5,1.0,2.0,5,5,0,5,1.0,1.0,1,2.8,True
67,h001-v050,6.15848e-05,2.0,5,5,5,0,5,1.0,2.0,5,5,0,5,1.0,1.0,1,2.6,True
68,h001-v071,0.0001274275,2.75,5,5,5,0,5,1.0,2.0,5,5,0,5,1.0,1.0,1,2.6,True
69,h001-v092,0.0002636651,3.25,5,5,5,0,5,1.0,2.0,5,5,0,5,1.0,1.0,1,2.6,True
70,h001-v122,0.00078476,3.25,5,5,5,0,5,1.0,2.0,5,5,0,5,1.0,1.0,1,2.6,True
71,h001-v155,0.0023357215,4.25,5,5,5,0,5,1.0,2.0,5,5,0,5,1.0,1.0,1,2.6,True
72,h001-v146,0.0016237767,4.75,5,5,5,0,5,1.0,2.0,5,5,0,5,1.0,1.0,1,2.6,True
73,h001-v040,4.28133e-05,2.0,5,5,5,0,5,1.0,2.0,5,5,0,5,1.0,1.0,1,2.4,True
74,h001-v061,8.85867e-05,2.75,5,5,5,0,5,1.0,2.0,5,5,0,5,1.0,1.0,1,2.4,True
75,h001-v082,0.0001832981,3.25,5,5,5,0,5,1.0,2.0,5,5,0,5,1.0,1.0,1,2.4,True
76,h001-v103,0.000379269,3.75,5,5,5,0,5,1.0,2.0,5,5,0,5,1.0,1.0,1,2.4,True
77,h001-v104,0.000379269,4.0,5,5,5,0,5,1.0,2.0,5,5,0,5,1.0,1.0,1,2.4,True
78,h001-v114,0.0005455595,4.0,5,5,5,0,5,1.0,2.0,5,5,0,5,1.0,1.0,1,2.4,True
79,h001-v115,0.0005455595,4.25,5,5,5,0,5,1.0,2.0,5,5,0,5,1.0,1.0,1,2.4,True
80,h001-v125,0.00078476,4.25,5,5,5,0,5,1.0,2.0,5,5,0,5,1.0,1.0,1,2.4,True
81,h001-v136,0.0011288379,4.75,5,5,5,0,5,1.0,2.0,5,5,0,5,1.0,1.0,1,2.4,True
82,h001-v167,0.0033598183,5.5,5,5,5,0,5,1.0,2.0,5,5,0,5,1.0,1.0,1,2.4,True
83,h001-v030,2.97635e-05,2.0,5,5,5,0,5,1.0,2.0,5,5,0,5,1.0,1.0,1,2.2,True
84,h001-v051,6.15848e-05,2.75,5,5,5,0,5,1.0,2.0,5,5,0,5,1.0,1.0,1,2.2,True
85,h001-v072,0.0001274275,3.25,5,5,5,0,5,1.0,2.0,5,5,0,5,1.0,1.0,1,2.2,True
86,h001-v093,0.0002636651,3.75,5,5,5,0,5,1.0,2.0,5,5,0,5,1.0,1.0,1,2.2,True
87,h001-v105,0.000379269,4.25,5,5,5,0,5,1.0,2.0,5,5,0,5,1.0,1.0,1,2.2,True
88,h001-v126,0.00078476,4.75,5,5,5,0,5,1.0,2.0,5,5,0,5,1.0,1.0,1,2.2,True
89,h001-v157,0.0023357215,5.5,5,5,5,0,5,1.0,2.0,5,5,0,5,1.0,1.0,1,2.2,True
90,h001-v000,1e-05,2.0,5,5,5,0,5,1.0,2.0,5,5,0,5,1.0,1.0,1,2.0,True
91,h001-v010,1.43845e-05,2.0,5,5,5,0,5,1.0,2.0,5,5,0,5,1.0,1.0,1,2.0,True
92,h001-v020,2.06914e-05,2.0,5,5,5,0,5,1.0,2.0,5,5,0,5,1.0,1.0,1,2.0,True
93,h001-v011,1.43845e-05,2.75,5,5,5,0,5,1.0,1.4,5,5,0,5,1.0,1.0,1,2.0,True
94,h001-v021,2.06914e-05,2.75,5,5,5,0,5,1.0,2.0,5,5,0,5,1.0,1.0,1,2.0,True
95,h001-v031,2.97635e-05,2.75,5,5,5,0,5,1.0,2.0,5,5,0,5,1.0,1.0,1,2.0,True
96,h001-v041,4.28133e-05,2.75,5,5,5,0,5,1.0,2.0,5,5,0,5,1.0,1.0,1,2.0,True
97,h001-v022,2.06914e-05,3.25,5,5,5,0,5,1.0,1.0,5,5,0,5,1.0,1.0,1,2.0,True
98,h001-v032,2.97635e-05,3.25,5,5,5,0,5,1.0,2.0,5,5,0,5,1.0,1.0,1,2.0,True
99,h001-v042,4.28133e-05,3.25,5,5,5,0,5,1.0,2.0,5,5,0,5,1.0,1.0,1,2.0,True
100,h001-v052,6.15848e-05,3.25,5,5,5,0,5,1.0,2.0,5,5,0,5,1.0,1.0,1,2.0,True
101,h001-v062,8.85867e-05,3.25,5,5,5,0,5,1.0,2.0,5,5,0,5,1.0,1.0,1,2.0,True
102,h001-v043,4.28133e-05,3.75,5,5,5,0,5,1.0,1.6,5,5,0,5,1.0,1.0,1,2.0,True
103,h001-v053,6.15848e-05,3.75,5,5,5,0,5,1.0,2.0,5,5,0,5,1.0,1.0,1,2.0,True
104,h001-v063,8.85867e-05,3.75,5,5,5,0,5,1.0,2.0,5,5,0,5,1.0,1.0,1,2.0,True
105,h001-v073,0.0001274275,3.75,5,5,5,0,5,1.0,2.0,5,5,0,5,1.0,1.0,1,2.0,True
106,h001-v083,0.0001832981,3.75,5,5,5,0,5,1.0,2.0,5,5,0,5,1.0,1.0,1,2.0,True
107,h001-v054,6.15848e-05,4.0,5,5,5,0,5,1.0,2.0,5,5,0,5,1.0,1.0,1,2.0,True
108,h001-v064,8.85867e-05,4.0,5,5,5,0,5,1.0,2.0,5,5,0,5,1.0,1.0,1,2.0,True
109,h001-v074,0.0001274275,4.0,5,5,5,0,5,1.0,2.0,5,5,0,5,1.0,1.0,1,2.0,True
110,h001-v084,0.0001832981,4.0,5,5,5,0,5,1.0,2.0,5,5,0,5,1.0,1.0,1,2.0,True
111,h001-v094,0.0002636651,4.0,5,5,5,0,5,1.0,2.0,5,5,0,5,1.0,1.0,1,2.0,True
112,h001-v055,6.15848e-05,4.25,5,5,5,0,5,1.0,1.4,5,5,0,5,1.0,1.0,1,2.0,True
113,h001-v065,8.85867e-05,4.25,5,5,5,0,5,1.0,2.0,5,5,0,5,1.0,1.0,1,2.0,True
114,h001-v075,0.0001274275,4.25,5,5,5,0,5,1.0,2.0,5,5,0,5,1.0,1.0,1,2.0,True
115,h001-v085,0.0001832981,4.25,5,5,5,0,5,1.0,2.0,5,5,0,5,1.0,1.0,1,2.0,True
116,h001-v095,0.0002636651,4.25,5,5,5,0,5,1.0,2.0,5,5,0,5,1.0,1.0,1,2.0,True
117,h001-v076,0.0001274275,4.75,5,5,5,0,5,1.0,2.0,5,5,0,5,1.0,1.0,1,2.0,True
118,h001-v086,0.0001832981,4.75,5,5,5,0,5,1.0,2.0,5,5,0,5,1.0,1.0,1,2.0,True
119,h001-v096,0.0002636651,4.75,5,5,5,0,5,1.0,2.0,5,5,0,5,1.0,1.0,1,2.0,True
120,h001-v106,0.000379269,4.75,5,5,5,0,5,1.0,2.0,5,5,0,5,1.0,1.0,1,2.0,True
121,h001-v116,0.0005455595,4.75,5,5,5,0,5,1.0,2.0,5,5,0,5,1.0,1.0,1,2.0,True
122,h001-v097,0.0002636651,5.5,5,5,5,0,5,1.0,2.0,5,5,0,5,1.0,1.0,1,2.0,True
123,h001-v107,0.000379269,5.5,5,5,5,0,5,1.0,2.0,5,5,0,5,1.0,1.0,1,2.0,True
124,h001-v117,0.0005455595,5.5,5,5,5,0,5,1.0,2.0,5,5,0,5,1.0,1.0,1,2.0,True
125,h001-v127,0.00078476,5.5,5,5,5,0,5,1.0,2.0,5,5,0,5,1.0,1.0,1,2.0,True
126,h001-v137,0.0011288379,5.5,5,5,5,0,5,1.0,2.0,5,5,0,5,1.0,1.0,1,2.0,True
127,h001-v147,0.0016237767,5.5,5,5,5,0,5,1.0,2.0,5,5,0,5,1.0,1.0,1,2.0,True
128,h001-v158,0.0023357215,7.5,5,5,5,0,5,1.0,2.0,5,5,0,5,1.0,1.0,1,2.0,True
129,h001-v168,0.0033598183,7.5,5,5,5,0,5,1.0,2.0,5,5,0,5,1.0,1.0,1,2.0,True
130,h001-v178,0.0048329302,7.5,5,5,5,0,5,1.0,2.0,5,5,0,5,1.0,1.0,1,2.0,True
131,h001-v188,0.006951928,7.5,5,5,5,0,5,1.0,2.0,5,5,0,5,1.0,1.0,1,2.0,True
132,h001-v198,0.01,7.5,5,5,5,0,5,1.0,2.0,5,5,0,5,1.0,1.0,1,2.0,True
133,h001-v044,4.28133e-05,4.0,5,5,5,0,5,1.0,1.0,5,5,0,5,1.0,1.0,1,1.8,True
134,h001-v066,8.85867e-05,4.75,5,5,5,0,5,1.0,1.0,5,5,0,5,1.0,1.0,1,1.8,True
135,h001-v148,0.0016237767,7.5,5,5,5,0,5,1.0,1.6,5,5,0,5,1.0,1.0,1,1.8,True
136,h001-v001,1e-05,2.75,5,5,5,0,5,1.0,1.0,5,5,0,5,1.0,1.0,1,1.6,True
137,h001-v033,2.97635e-05,3.75,5,5,5,0,5,1.0,1.0,5,5,0,5,1.0,1.0,1,1.6,True
138,h001-v087,0.0001832981,5.5,5,5,5,0,5,1.0,1.0,5,5,0,5,1.0,1.0,1,1.6,True
139,h001-v012,1.43845e-05,3.25,5,5,5,0,5,1.0,1.0,5,5,0,5,1.0,1.0,1,1.4,True
140,h001-v077,0.0001274275,5.5,5,5,5,0,5,1.0,1.0,5,5,0,5,1.0,1.0,1,1.4,True
141,h001-v023,2.06914e-05,3.75,5,5,5,0,5,1.0,1.0,5,5,0,5,1.0,1.0,1,1.2,True
142,h001-v034,2.97635e-05,4.0,5,5,5,0,5,1.0,1.0,5,5,0,5,1.0,1.0,1,1.2,True
143,h001-v045,4.28133e-05,4.25,5,5,5,0,5,1.0,1.0,5,5,0,5,1.0,1.0,1,1.2,True
144,h001-v056,6.15848e-05,4.75,5,5,5,0,5,1.0,1.0,5,5,0,5,1.0,1.0,1,1.2,True
145,h001-v138,0.0011288379,7.5,5,5,5,0,5,1.0,1.0,5,5,0,5,1.0,1.0,1,1.2,True
146,h001-v035,2.97635e-05,4.25,5,5,5,0,5,1.0,1.0,5,5,0,5,1.0,1.0,1,1.0,True
147,h001-v128,0.00078476,7.5,5,5,5,0,5,1.0,1.0,5,5,0,5,1.0,1.0,1,0.6,True
148,h001-v002,1e-05,3.25,5,5,5,0,5,1.0,1.0,5,5,0,5,1.0,1.0,1,0.4,True
149,h001-v024,2.06914e-05,4.0,5,5,5,0,5,1.0,1.0,5,5,0,5,1.0,1.0,1,0.4,True
150,h001-v046,4.28133e-05,4.75,5,5,5,0,5,1.0,1.0,5,5,0,5,1.0,1.0,1,0.4,True
151,h001-v067,8.85867e-05,5.5,5,5,5,0,5,1.0,1.0,5,5,0,5,1.0,1.0,1,0.4,True
152,h001-v013,1.43845e-05,3.75,5,5,5,0,5,1.0,1.0,5,5,0,5,1.0,1.0,1,0.2,True
153,h001-v025,2.06914e-05,4.25,5,5,5,0,5,1.0,1.0,5,5,0,5,1.0,1.0,1,0.2,True
154,h001-v118,0.0005455595,7.5,5,5,5,0,5,1.0,1.0,5,5,0,5,1.0,1.0,1,0.2,True
155,h001-v003,1e-05,3.75,5,5,5,0,5,1.0,1.0,5,5,0,5,1.0,1.0,1,0.0,True
156,h001-v004,1e-05,4.0,5,5,5,0,5,1.0,1.0,5,5,0,5,1.0,1.0,1,0.0,True
157,h001-v014,1.43845e-05,4.0,5,5,5,0,5,1.0,1.0,5,5,0,5,1.0,1.0,1,0.0,True
158,h001-v005,1e-05,4.25,5,5,5,0,5,1.0,1.0,5,5,0,5,1.0,1.0,1,0.0,True
159,h001-v015,1.43845e-05,4.25,5,5,5,0,5,1.0,1.0,5,5,0,5,1.0,1.0,1,0.0,True
160,h001-v006,1e-05,4.75,5,5,5,0,5,1.0,1.0,5,5,0,5,1.0,1.0,1,0.0,True
161,h001-v016,1.43845e-05,4.75,5,5,5,0,5,1.0,1.0,5,5,0,5,1.0,1.0,1,0.0,True
162,h001-v026,2.06914e-05,4.75,5,5,5,0,5,1.0,1.0,5,5,0,5,1.0,1.0,1,0.0,True
163,h001-v036,2.97635e-05,4.75,5,5,5,0,5,1.0,1.0,5,5,0,5,1.0,1.0,1,0.0,True
164,h001-v007,1e-05,5.5,5,5,5,0,5,1.0,1.0,5,5,0,5,1.0,1.0,1,0.0,True
165,h001-v017,1.43845e-05,5.5,5,5,5,0,5,1.0,1.0,5,5,0,5,1.0,1.0,1,0.0,True
166,h001-v027,2.06914e-05,5.5,5,5,5,0,5,1.0,1.0,5,5,0,5,1.0,1.0,1,0.0,True
167,h001-v037,2.97635e-05,5.5,5,5,5,0,5,1.0,1.0,5,5,0,5,1.0,1.0,1,0.0,True
168,h001-v047,4.28133e-05,5.5,5,5,5,0,5,1.0,1.0,5,5,0,5,1.0,1.0,1,0.0,True
169,h001-v057,6.15848e-05,5.5,5,5,5,0,5,1.0,1.0,5,5,0,5,1.0,1.0,1,0.0,True
170,h001-v008,1e-05,7.5,5,5,5,0,5,1.0,1.0,5,5,0,5,1.0,1.0,1,0.0,True
171,h001-v018,1.43845e-05,7.5,5,5,5,0,5,1.0,1.0,5,5,0,5,1.0,1.0,1,0.0,True
172,h001-v028,2.06914e-05,7.5,5,5,5,0,5,1.0,1.0,5,5,0,5,1.0,1.0,1,0.0,True
173,h001-v038,2.97635e-05,7.5,5,5,5,0,5,1.0,1.0,5,5,0,5,1.0,1.0,1,0.0,True
174,h001-v048,4.28133e-05,7.5,5,5,5,0,5,1.0,1.0,5,5,0,5,1.0,1.0,1,0.0,True
175,h001-v058,6.15848e-05,7.5,5,5,5,0,5,1.0,1.0,5,5,0,5,1.0,1.0,1,0.0,True
176,h001-v068,8.85867e-05,7.5,5,5,5,0,5,1.0,1.0,5,5,0,5,1.0,1.0,1,0.0,True
177,h001-v078,0.0001274275,7.5,5,5,5,0,5,1.0,1.0,5,5,0,5,1.0,1.0,1,0.0,True
178,h001-v088,0.0001832981,7.5,5,5,5,0,5,1.0,1.0,5,5,0,5,1.0,1.0,1,0.0,True
179,h001-v098,0.0002636651,7.5,5,5,5,0,5,1.0,1.0,5,5,0,5,1.0,1.0,1,0.0,True
180,h001-v108,0.000379269,7.5,5,5,5,0,5,1.0,1.0,5,5,0,5,1.0,1.0,1,0.0,True
181,h001-v009,1e-05,12.0,5,5,5,0,5,1.0,1.0,5,5,0,5,1.0,1.0,1,0.0,True
182,h001-v019,1.43845e-05,12.0,5,5,5,0,5,1.0,1.0,5,5,0,5,1.0,1.0,1,0.0,True
183,h001-v029,2.06914e-05,12.0,5,5,5,0,5,1.0,1.0,5,5,0,5,1.0,1.0,1,0.0,True
184,h001-v039,2.97635e-05,12.0,5,5,5,0,5,1.0,1.0,5,5,0,5,1.0,1.0,1,0.0,True
185,h001-v049,4.28133e-05,12.0,5,5,5,0,5,1.0,1.0,5,5,0,5,1.0,1.0,1,0.0,True
186,h001-v059,6.15848e-05,12.0,5,5,5,0,5,1.0,1.0,5,5,0,5,1.0,1.0,1,0.0,True
187,h001-v069,8.85867e-05,12.0,5,5,5,0,5,1.0,1.0,5,5,0,5,1.0,1.0,1,0.0,True
188,h001-v079,0.0001274275,12.0,5,5,5,0,5,1.0,1.0,5,5,0,5,1.0,1.0,1,0.0,True
189,h001-v089,0.0001832981,12.0,5,5,5,0,5,1.0,1.0,5,5,0,5,1.0,1.0,1,0.0,True
190,h001-v099,0.0002636651,12.0,5,5,5,0,5,1.0,1.0,5,5,0,5,1.0,1.0,1,0.0,True
191,h001-v109,0.000379269,12.0,5,5,5,0,5,1.0,1.0,5,5,0,5,1.0,1.0,1,0.0,True
192,h001-v119,0.0005455595,12.0,5,5,5,0,5,1.0,1.0,5,5,0,5,1.0,1.0,1,0.0,True
193,h001-v129,0.00078476,12.0,5,5,5,0,5,1.0,1.0,5,5,0,5,1.0,1.0,1,0.0,True
194,h001-v139,0.0011288379,12.0,5,5,5,0,5,1.0,1.0,5,5,0,5,1.0,1.0,1,0.0,True
195,h001-v149,0.0016237767,12.0,5,5,5,0,5,1.0,1.0,5,5,0,5,1.0,1.0,1,0.0,True
196,h001-v159,0.0023357215,12.0,5,5,5,0,5,1.0,1.0,5,5,0,5,1.0,1.0,1,0.0,True
197,h001-v169,0.0033598183,12.0,5,5,5,0,5,1.0,1.0,5,5,0,5,1.0,1.0,1,0.0,True
198,h001-v179,0.0048329302,12.0,5,5,5,0,5,1.0,1.0,5,5,0,5,1.0,1.0,1,0.0,True
199,h001-v189,0.006951928,12.0,5,5,5,0,5,1.0,1.0,5,5,0,5,1.0,1.0,1,0.0,True
200,h001-v199,0.01,12.0,5,5,5,0,5,1.0,1.0,5,5,0,5,1.0,1.0,1,0.0,True
